<?xml version="1.0"?>
<openerp>
    <data>
		<record id="view_company_form_inherit_fe_qweb" model="ir.ui.view">
			<field name="name">res.company.form.inherit.fe.qweb</field>
			<field name="model">res.company</field>
			<field name="inherit_id" ref="cr_electronic_invoice.view_company_form_inherit"/>
			<field name="arch" type="xml">
				<field name="neighborhood_id" position="after">
					<field name="bank_account1"/>
					<field name="bank_account2"/>
				</field>
			</field>
		</record>
    </data>
</openerp>
