<?xml version="1.0" encoding="UTF-8"?>
<templates id="template" xml:space="preserve">

    <!--t t-extend="PosTicket">
        <t t-jquery="div.pos-center-align:first" t-operation="after">
            <div class="pos-center-align" t-if="!order.is_to_invoice()">
                  Simplified invoice: <t t-esc="order.simplified_invoice"/>
            </div>
        </t>
        <t t-jquery="t[t-esc='widget.pos.company.name']" t-operation="after">
            <t t-if="widget.pos.company.vat">
                <br />
                VAT: <t t-esc="widget.pos.company.vat"/>
            </t>
        </t>
        <t t-jquery='t[t-esc="widget.pos.company.phone || &apos;&apos;"]' t-operation="after">
            <br />
            <t t-esc="widget.pos.company.street" t-if="widget.pos.company.street" /><br />
            <t t-esc="widget.pos.company.zip" t-if="widget.pos.company.zip"  />
            <t t-esc="widget.pos.company.city" t-if="widget.pos.company.city"  />
            <t t-if="widget.pos.company.state_id">
                (<t t-esc="widget.pos.company.state_id[1]" />)
            </t>
            <br />
        </t>
        <t t-jquery="table.receipt-orderlines" t-operation="before">
            <t t-if="order.get_client()">
                Customer: <t t-esc="order.get_client().name" /><br />
                <t t-if="order.get_client().vat">
                    VAT: <t t-esc="order.get_client().vat" /><br />
                </t>
                <t t-if="order.get_client().address != ',  , '">
                    <t t-esc="order.get_client().address" />
                </t>
                <br /><br />
            </t>
        </t>
    </t-->

    <!--t t-extend="XmlReceipt">
        <t t-jquery=".receipt" t-operation="replace">
            <receipt align='center' width='40' value-thousands-separator='.' >
            </receipt>
        </t>
    </t-->

</templates>